{"schemaVersion":"1.0","appDefinitionTemplate":{"id":"/providers/Microsoft.PowerApps/apps/","type":"Microsoft.PowerApps/apps","tags":{"primaryDeviceWidth":"1366","primaryDeviceHeight":"768","sienaVersion":"20200922T005219Z-3.20092.39.0","deviceCapabilities":"","supportsPortrait":"false","supportsLandscape":"true","primaryFormFactor":"Tablet","publisherVersion":"3.20092.39","minimumRequiredApiVersion":"2.2.0","hasComponent":"false","hasUnlockedComponent":"false","isUnifiedRootApp":"false"},"properties":{"appVersion":"2020-09-22T00:52:19Z","lifeCycleId":"Published","createdByClientVersion":{"major":3,"minor":20092,"build":39,"revision":0,"majorRevision":0,"minorRevision":0},"minClientVersion":{"major":3,"minor":20092,"build":39,"revision":0,"majorRevision":0,"minorRevision":0},"backgroundColor":"rgba(0, 176, 240, 1)","backgroundImageUri":"/10967427936066586866/N32565eb6-f7f9-43b5-9b06-f2c86e4075f1-logoSmallFile","displayName":"Aroh's Custom Connector","description":"","commitMessage":"","appUris":{"documentUri":{"value":"/10967427936066586866/N45f1bbaa-97f2-488f-8304-752bc6540e9d-document.msapp","readonlyValue":"/10967427936066586866/N45f1bbaa-97f2-488f-8304-752bc6540e9d-document.msapp"},"imageUris":[]},"createdTime":"0001-01-01T00:00:00Z","lastModifiedTime":"0001-01-01T00:00:00Z","sharedGroupsCount":0,"sharedUsersCount":0,"icons":{"smallIconUri":"/10967427936066586866/N46521a8f-e4e6-49d3-9b59-1db84892a752-small.png","mediumIconUri":"/10967427936066586866/N725f9816-bf35-44f1-b8f9-6a7da44108ee-medium.png","largeIconUri":"/10967427936066586866/N03906abd-ca48-49b3-b61c-2b47db056a28-large.png","wideIconUri":"/10967427936066586866/N0f096a59-909f-4bad-923a-d0ad5677f36c-wide.png"},"connectionReferences":{"fb7cef83-9268-40ac-869f-6bfc2b969de0":{"id":"f723b168-d37f-484b-b5e2-e5949404083c","displayName":"Demo Google Books API","iconUri":"https://prodapiicons.cdn.powerappscdn.net/20200715t000000z527c2aac5236472999e0755d0c2f8eb5/customconnectoricon.png","dataSources":["DemoGoogleBooksAPI"],"dependencies":[],"dependents":[],"parameterHints":{},"isOnPremiseConnection":false,"bypassConsent":false,"dataSets":{},"apiTier":"Standard","isCustomApiConnection":true}},"authorizationReferences":[{"resourceId":"https://org01e1ecb4.crm5.dynamics.com/"}],"databaseReferences":{"3382a73e-5f9a-4c64-9287-f4cfb1bf060a":{"databaseDetails":{"referenceType":"Environmental","environmentName":"3382a73e-5f9a-4c64-9287-f4cfb1bf060a"},"dataSources":{"Books":{"entitySetName":"cr6ce_bookses","logicalName":"cr6ce_books"}}}},"almMode":"Environment","performanceOptimizationEnabled":true,"canConsumeAppPass":true},"isAppComponentLibrary":false,"appType":"ClassicCanvasApp","appComponents":[]}}