{"schemaVersion":"1.0","appDefinitionTemplate":{"id":"/providers/Microsoft.PowerApps/apps/","type":"Microsoft.PowerApps/apps","tags":{"primaryDeviceWidth":"1366","primaryDeviceHeight":"768","sienaVersion":"20201218T071651Z-3.20114.22.0","deviceCapabilities":"","supportsPortrait":"false","supportsLandscape":"true","primaryFormFactor":"Tablet","publisherVersion":"3.20114.22","minimumRequiredApiVersion":"2.2.0","hasComponent":"false","hasUnlockedComponent":"false","isUnifiedRootApp":"false"},"properties":{"appVersion":"2020-12-18T07:16:51Z","lifeCycleId":"Published","createdByClientVersion":{"major":3,"minor":20114,"build":22,"revision":0,"majorRevision":0,"minorRevision":0},"minClientVersion":{"major":3,"minor":20114,"build":22,"revision":0,"majorRevision":0,"minorRevision":0},"backgroundColor":"rgba(1, 131, 134, 1)","backgroundImageUri":"/7100504487261060357/N7f2d3792-c61c-46e1-8edd-2e597046d601-logoSmallFile","displayName":"02 Module - Collections","description":"","commitMessage":"","appUris":{"documentUri":{"value":"/7100504487261060357/N0a71c480-c5d9-4965-812d-91ff43f737b8-document.msapp"},"imageUris":[]},"createdTime":"0001-01-01T00:00:00Z","lastModifiedTime":"0001-01-01T00:00:00Z","sharedGroupsCount":0,"sharedUsersCount":0,"icons":{"smallIconUri":"/7100504487261060357/N13f11e47-77af-4beb-9e8f-13ed076badb3-small.png","mediumIconUri":"/7100504487261060357/N43713904-7603-4491-b468-118c5c7b83de-medium.png","largeIconUri":"/7100504487261060357/N15b131ef-986a-4248-8d1f-b08eb0e096ee-large.png","wideIconUri":"/7100504487261060357/Na58e038b-aea6-413f-a04b-d5b2eb2e0a74-wide.png"},"connectionReferences":{},"databaseReferences":{},"almMode":"Environment","performanceOptimizationEnabled":true,"canConsumeAppPass":true,"executionRestrictions":{"isTeamsOnly":false,"dataLossPreventionEvaluationResult":{"status":"Compliant","lastEvaluationDate":"2020-12-18T07:17:01.9075921Z","violationDetails":[]}}},"isAppComponentLibrary":false,"appType":"ClassicCanvasApp","appComponents":[]}}