{"schemaVersion":"1.0","appDefinitionTemplate":{"id":"/providers/Microsoft.PowerApps/apps/","type":"Microsoft.PowerApps/apps","tags":{"primaryDeviceWidth":"1366","primaryDeviceHeight":"768","sienaVersion":"20201218T071651Z-3.20114.22.0","deviceCapabilities":"","supportsPortrait":"false","supportsLandscape":"true","primaryFormFactor":"Tablet","publisherVersion":"3.20114.22","minimumRequiredApiVersion":"2.2.0","hasComponent":"false","hasUnlockedComponent":"false","isUnifiedRootApp":"false"},"properties":{"appVersion":"2020-12-18T07:16:51Z","lifeCycleId":"Published","createdByClientVersion":{"major":3,"minor":20114,"build":22,"revision":0,"majorRevision":0,"minorRevision":0},"minClientVersion":{"major":3,"minor":20114,"build":22,"revision":0,"majorRevision":0,"minorRevision":0},"backgroundColor":"rgba(1, 131, 134, 1)","backgroundImageUri":"/7100504487261060357/N7f4c3d63-0805-4e1e-aaa6-565e1353179b-logoSmallFile","displayName":"02 Module - Collections","description":"","commitMessage":"","appUris":{"documentUri":{"value":"/7100504487261060357/Nd2458258-d19b-435d-8390-2c12e7b83392-document.msapp"},"imageUris":[]},"createdTime":"0001-01-01T00:00:00Z","lastModifiedTime":"0001-01-01T00:00:00Z","sharedGroupsCount":0,"sharedUsersCount":0,"icons":{"smallIconUri":"/7100504487261060357/N9ea4c8e6-9f80-4a90-9af7-d9702b01adf7-small.png","mediumIconUri":"/7100504487261060357/Nb7dbf860-2026-4c4b-a57a-4654eb8360a6-medium.png","largeIconUri":"/7100504487261060357/Nbe3aad99-daf4-4cde-a7d8-b77674a912d5-large.png","wideIconUri":"/7100504487261060357/N5b0e21d4-3703-49d4-82ba-e9644e7ae549-wide.png"},"connectionReferences":{},"databaseReferences":{},"almMode":"Environment","performanceOptimizationEnabled":true,"canConsumeAppPass":true,"executionRestrictions":{"isTeamsOnly":false,"dataLossPreventionEvaluationResult":{"status":"Compliant","lastEvaluationDate":"2020-12-18T07:17:01.9075921Z","violationDetails":[]}}},"isAppComponentLibrary":false,"appType":"ClassicCanvasApp","appComponents":[]}}