{"schemaVersion":"1.0","appDefinitionTemplate":{"id":"/providers/Microsoft.PowerApps/apps/","type":"Microsoft.PowerApps/apps","tags":{"primaryDeviceWidth":"1366","primaryDeviceHeight":"768","sienaVersion":"20201220T105358Z-3.20114.22.0","deviceCapabilities":"","supportsPortrait":"false","supportsLandscape":"true","primaryFormFactor":"Tablet","publisherVersion":"3.20114.22","minimumRequiredApiVersion":"2.2.0","hasComponent":"true","hasUnlockedComponent":"true","isUnifiedRootApp":"false"},"properties":{"appVersion":"2020-12-20T10:53:58Z","lifeCycleId":"Published","createdByClientVersion":{"major":3,"minor":20114,"build":22,"revision":0,"majorRevision":0,"minorRevision":0},"minClientVersion":{"major":3,"minor":20114,"build":22,"revision":0,"majorRevision":0,"minorRevision":0},"backgroundColor":"rgba(44, 125, 154, 1)","backgroundImageUri":"/7778262597030871865/N6780ad92-b264-4870-a902-1d44bbb72500-logoSmallFile","displayName":"02 Module - Power Apps DataTypes","description":"","commitMessage":"","appUris":{"documentUri":{"value":"/7778262597030871865/Nb535124a-30c4-4f62-a0d5-855aab2ef087-document.msapp"},"imageUris":[]},"createdTime":"0001-01-01T00:00:00Z","lastModifiedTime":"0001-01-01T00:00:00Z","sharedGroupsCount":0,"sharedUsersCount":0,"icons":{"smallIconUri":"/7778262597030871865/Nf8d5ffd1-6575-4b73-81f9-bce2411d205f-small.png","mediumIconUri":"/7778262597030871865/N9e8509e7-4ce7-47af-ab03-2dbeb916d9b2-medium.png","largeIconUri":"/7778262597030871865/N2823d371-bec8-4b54-8e02-9cab98b83741-large.png","wideIconUri":"/7778262597030871865/N9b2ac57d-d4cc-4dad-a08c-1b99eac76958-wide.png"},"connectionReferences":{},"databaseReferences":{},"almMode":"Environment","performanceOptimizationEnabled":true,"canConsumeAppPass":true,"executionRestrictions":{"isTeamsOnly":false,"dataLossPreventionEvaluationResult":{"status":"Compliant","lastEvaluationDate":"2020-12-20T10:54:09.0177517Z","violationDetails":[]}}},"isAppComponentLibrary":false,"appType":"ClassicCanvasApp","appComponents":[]}}